{
    "loss": 27.031469345092773,
    "accuracy": 0.4313725531101227
}