{
    "loss": 52.54924774169922,
    "accuracy": 0.4313725531101227
}